{"stats":{"minecraft:used":{"minecraft:poppy":1,"minecraft:chest":5,"minecraft:iron_sword":135,"minecraft:red_nether_brick_stairs":1,"minecraft:stone_hoe":7,"minecraft:rotten_flesh":6,"minecraft:netherrack":28,"soulslikeuniverse:siegmeyershield":6,"minecraft:torch":96,"minecraft:dirt":33,"minecraft:chainmail_chestplate":1,"minecraft:nether_bricks":11,"minecraft:carrot":13,"minecraft:tuff":5,"minecraft:granite":7,"minecraft:nether_brick_stairs":2,"minecraft:jungle_sapling":4,"soulslikeuniverse:estusflask":12,"minecraft:oak_sapling":3,"soulslikeuniverse:roundshield":15,"tombstone:gift":6,"minecraft:egg":1,"minecraft:cobbled_deepslate":1,"minecraft:acacia_planks":8,"minecraft:pointed_dripstone":1,"minecraft:cooked_mutton":4,"minecraft:water_bucket":1,"epicfight:skillbook":18,"minecraft:rabbit":1,"minecraft:stone_pickaxe":526,"minecraft:oak_planks":11,"minecraft:wooden_pickaxe":10,"iceandfire:dragon_skull_lightning":2,"minecraft:white_wool":2,"minecraft:red_bed":1,"minecraft:lime_bed":4,"minecraft:crafting_table":15,"minecraft:campfire":1,"minecraft:white_bed":4,"tombstone:bag_of_seeds":1,"minecraft:wooden_hoe":10,"minecraft:bread":65,"minecraft:melon_slice":11,"tombstone:grave_key":1,"minecraft:gravel":2,"soulslikeuniverse:round_helmet":1,"minecraft:stone_axe":57,"soulslikeuniverse:royalknight_helmet":1,"minecraft:torchflower_seeds":1,"minecraft:diamond_sword":325,"minecraft:cobblestone":8,"travelersbackpack:standard":2,"minecraft:cooked_porkchop":7,"minecraft:porkchop":8,"minecraft:bucket":1,"minecraft:bone_meal":9,"minecraft:oak_boat":3,"soulslikeuniverse:dagger":28},"minecraft:custom":{"minecraft:mob_kills":103,"minecraft:interact_with_crafting_table":27,"minecraft:interact_with_campfire":11,"minecraft:damage_dealt_resisted":1148,"minecraft:leave_game":6,"minecraft:time_since_death":110697,"minecraft:climb_one_cm":10834,"minecraft:sprint_one_cm":1358143,"minecraft:walk_one_cm":1514837,"minecraft:damage_blocked_by_shield":665,"minecraft:drop":95,"minecraft:talked_to_villager":1,"minecraft:play_time":273569,"minecraft:sneak_time":16625,"minecraft:deaths":19,"minecraft:walk_under_water_one_cm":27313,"minecraft:boat_one_cm":44010,"minecraft:jump":4244,"minecraft:walk_on_water_one_cm":80212,"minecraft:total_world_time":273569,"minecraft:sleep_in_bed":9,"minecraft:time_since_rest":44070,"minecraft:damage_taken":5182,"minecraft:damage_absorbed":46,"minecraft:damage_dealt":19001,"minecraft:swim_one_cm":157207,"minecraft:fly_one_cm":1548767,"minecraft:open_chest":82,"minecraft:crouch_one_cm":29751,"tombstone:undead_killed":65,"minecraft:fall_one_cm":67394},"minecraft:crafted":{"minecraft:oak_planks":36,"minecraft:bone_meal":9,"travelersbackpack:white_sleeping_bag":1,"minecraft:iron_boots":1,"minecraft:stone_pickaxe":5,"minecraft:chest":4,"iceandfire:dragon_bone_block":1,"minecraft:stone_hoe":1,"minecraft:golden_boots":1,"minecraft:wheat":144,"minecraft:crafting_table":5,"minecraft:wooden_pickaxe":1,"minecraft:iron_sword":1,"minecraft:bucket":1,"minecraft:campfire":1,"minecraft:stone_axe":1,"minecraft:bread":48,"minecraft:jungle_planks":16,"minecraft:oak_boat":1,"iceandfire:dragonbone":9,"minecraft:wooden_hoe":1,"minecraft:stick":24,"minecraft:gold_ingot":28,"minecraft:white_bed":1,"minecraft:torch":42,"minecraft:acacia_planks":28},"minecraft:killed":{"soulslikeuniverse:hollowknight":1,"minecraft:spider":3,"minecraft:horse":1,"minecraft:skeleton":6,"soulslikeuniverse:thief":1,"soulslikeuniverse:siegmeyer":3,"minecraft:drowned":1,"soulslikeuniverse:monsterhollow":3,"soulslikeuniverse:solaire":3,"soulslikeuniverse:shadowassassin":2,"minecraft:pig":7,"soulslikeuniverse:mountedknight":1,"minecraft:iron_golem":1,"minecraft:creeper":3,"iceandfire:cockatrice":1,"minecraft:sheep":6,"minecraft:zombie":48,"soulslikeuniverse:witherskeletonknight":1,"iceandfire:ghost":1,"soulslikeuniverse:nobleknight":1,"soulslikeuniverse:monstergodricksoldier":1,"minecraft:wither_skeleton":2,"minecraft:cow":1,"minecraft:blaze":2},"minecraft:dropped":{"minecraft:iron_ingot":2,"minecraft:bread":15,"iceandfire:raw_silver":1,"minecraft:porkchop":12,"minecraft:wheat_seeds":1,"minecraft:saddle":1,"minecraft:coal":3,"minecraft:emerald":1,"minecraft:dirt":10,"minecraft:wooden_hoe":1,"iceandfire:copper_nugget":24,"minecraft:gold_nugget":2,"minecraft:phantom_membrane":1,"minecraft:string":9,"minecraft:dandelion":2,"minecraft:bone":4,"minecraft:gravel":1,"soulslikeuniverse:knightsoul":1,"minecraft:raw_copper":16,"minecraft:smooth_stone_slab":1,"soulslikeuniverse:repairstone":3,"minecraft:tuff":1,"soulslikeuniverse:dagger":1,"iceandfire:witherbone":1,"minecraft:rotten_flesh":8,"iceandfire:fire_lily":1,"soulslikeuniverse:estusflask":1,"minecraft:white_bed":1,"minecraft:nether_bricks":1,"minecraft:salmon":1,"minecraft:chainmail_chestplate":1,"minecraft:diamond_sword":2,"minecraft:potato":1,"travelersbackpack:white_sleeping_bag":1,"minecraft:bundle":1,"minecraft:red_nether_bricks":3,"minecraft:wooden_pickaxe":1,"minecraft:warped_wart_block":1,"minecraft:cracked_nether_bricks":1,"iceandfire:manuscript":3,"epicfight:skillbook":1},"minecraft:killed_by":{"soulslikeuniverse:berserker":1,"soulslikeuniverse:monstergodricksoldier":7,"minecraft:skeleton":1,"soulslikeuniverse:mountedknight":5,"iceandfire:ghost":2,"iceandfire:fire_dragon":3},"minecraft:broken":{"minecraft:stone_pickaxe":4,"soulslikeuniverse:round_leggings":1,"soulslikeuniverse:roundshield":1},"minecraft:picked_up":{"iceandfire:dragon_skull_lightning":2,"minecraft:crafting_table":12,"minecraft:wheat":18,"iceandfire:witherbone":1,"iceandfire:fire_lily":1,"minecraft:diamond_sword":2,"minecraft:enchanted_book":2,"minecraft:diamond_horse_armor":1,"soulslikeuniverse:charredpiece":1,"iceandfire:manuscript":6,"minecraft:string":10,"minecraft:red_bed":3,"minecraft:raw_copper":27,"minecraft:smooth_stone_slab":1,"minecraft:red_nether_bricks":3,"minecraft:iron_leggings":1,"soulslikeuniverse:hollowsoul":6,"minecraft:gold_nugget":196,"minecraft:cobbled_deepslate":30,"minecraft:beef":2,"minecraft:oak_boat":3,"soulslikeuniverse:round_helmet":1,"minecraft:jungle_sapling":5,"minecraft:poppy":1,"minecraft:melon_slice":11,"minecraft:chest":2,"minecraft:egg":1,"minecraft:phantom_membrane":1,"minecraft:furnace":2,"minecraft:iron_boots":1,"minecraft:stick":15,"iceandfire:dragonbone":18,"minecraft:torch":13,"minecraft:acacia_log":7,"epicfight:skillbook":8,"minecraft:porkchop":27,"minecraft:pointed_dripstone":1,"tombstone:grave_dust":14,"minecraft:carrot":9,"soulslikeuniverse:round_leggings":3,"minecraft:arrow":8,"minecraft:rotten_flesh":50,"soulslikeuniverse:estusflask":15,"soulslikeuniverse:roundshield":1,"minecraft:nether_bricks":12,"minecraft:hay_block":16,"minecraft:saddle":2,"soulslikeuniverse:repairstone":7,"minecraft:mutton":18,"minecraft:cobblestone":334,"minecraft:white_wool":6,"minecraft:lime_bed":4,"minecraft:salmon":1,"minecraft:jungle_log":33,"soulslikeuniverse:siegmeyershield":1,"minecraft:leather":3,"minecraft:red_mushroom":1,"minecraft:torchflower":1,"iceandfire:ectoplasm":2,"minecraft:tuff":6,"minecraft:oak_log":15,"minecraft:chainmail_chestplate":1,"minecraft:golden_boots":1,"minecraft:gunpowder":3,"minecraft:lapis_lazuli":4,"minecraft:dirt":43,"minecraft:cooked_mutton":4,"soulslikeuniverse:giantsoul":4,"minecraft:bone":11,"minecraft:red_nether_brick_stairs":1,"minecraft:acacia_planks":8,"minecraft:wheat_seeds":6,"minecraft:warped_stem":4,"minecraft:iron_ingot":9,"tombstone:bag_of_seeds":1,"minecraft:rabbit":1,"minecraft:oak_planks":9,"minecraft:ghast_tear":1,"iceandfire:copper_nugget":24,"minecraft:cooked_porkchop":7,"minecraft:torchflower_seeds":1,"minecraft:dandelion":2,"minecraft:warped_wart_block":1,"minecraft:cracked_nether_bricks":1,"minecraft:gravel":3,"soulslikeuniverse:royalknight_helmet":1,"minecraft:nether_brick_stairs":2,"minecraft:white_bed":4,"minecraft:dead_bush":1,"soulslikeuniverse:round_boots":1,"minecraft:spider_eye":1,"iceandfire:chared_cobblestone":1,"minecraft:bundle":5,"travelersbackpack:standard":1,"minecraft:stone_axe":1,"minecraft:iron_helmet":1,"minecraft:granite":7,"minecraft:mossy_cobblestone_stairs":1,"minecraft:emerald":1,"minecraft:bread":32,"soulslikeuniverse:knightsoul":5,"minecraft:oak_sapling":4,"minecraft:netherrack":71,"minecraft:coal":14,"iceandfire:raw_silver":9},"minecraft:mined":{"minecraft:tuff":5,"minecraft:farmland":1,"minecraft:white_bed":3,"iceandfire:silver_ore":4,"minecraft:mossy_cobblestone":2,"minecraft:cobblestone_stairs":1,"minecraft:jungle_leaves":3,"minecraft:red_nether_bricks":3,"minecraft:nether_bricks":6,"minecraft:granite":7,"minecraft:acacia_log":7,"minecraft:grass_block":13,"minecraft:jungle_log":21,"travelersbackpack:white_sleeping_bag":1,"minecraft:spawner":9,"minecraft:hay_block":16,"minecraft:mossy_cobblestone_slab":1,"minecraft:mossy_cobblestone_stairs":1,"minecraft:furnace":2,"minecraft:carrots":3,"minecraft:jungle_sapling":1,"minecraft:nether_sprouts":1,"minecraft:fire":4,"iceandfire:gold_pile":16,"minecraft:vine":1,"minecraft:warped_stem":4,"minecraft:stone":330,"minecraft:acacia_leaves":2,"minecraft:red_bed":2,"minecraft:crafting_table":11,"minecraft:torch":3,"minecraft:melon":2,"minecraft:chest":2,"minecraft:dead_bush":10,"iceandfire:fire_lily":1,"minecraft:tall_grass":6,"minecraft:copper_ore":5,"minecraft:cobblestone":15,"minecraft:sugar_cane":1,"minecraft:oak_planks":8,"minecraft:wall_torch":2,"minecraft:warped_wart_block":22,"minecraft:warped_nylium":6,"minecraft:lime_bed":4,"minecraft:torchflower":1,"minecraft:smooth_stone_slab":1,"minecraft:grass":38,"minecraft:coal_ore":11,"minecraft:oak_log":15,"minecraft:gravel":3,"minecraft:dirt":23,"minecraft:acacia_planks":8,"minecraft:netherrack":75,"minecraft:oak_leaves":4,"minecraft:deepslate":36,"minecraft:fern":3}},"DataVersion":3465}